OBJECTID,GEOID,TotalPop,FID_,GEOID,NAME,GEOID_Data
21099,14000US17031010100,5163,,17031010100,101,14000US17031010100
21100,14000US17031010201,6752,,17031010201,102.01,14000US17031010201
21101,14000US17031010202,2557,,17031010202,102.02,14000US17031010202
21102,14000US17031010300,6049,,17031010300,103,14000US17031010300
21103,14000US17031010400,4690,,17031010400,104,14000US17031010400
21104,14000US17031010501,3995,,17031010501,105.01,14000US17031010501
21105,14000US17031010502,4098,,17031010502,105.02,14000US17031010502
21106,14000US17031010503,2098,,17031010503,105.03,14000US17031010503
21107,14000US17031010600,7170,,17031010600,106,14000US17031010600
21108,14000US17031010701,4066,,17031010701,107.01,14000US17031010701
21109,14000US17031010702,5789,,17031010702,107.02,14000US17031010702
21110,14000US17031020100,3684,,17031020100,201,14000US17031020100
21111,14000US17031020200,6699,,17031020200,202,14000US17031020200
21112,14000US17031020301,4990,,17031020301,203.01,14000US17031020301
21113,14000US17031020302,4445,,17031020302,203.02,14000US17031020302
21114,14000US17031020400,4253,,17031020400,204,14000US17031020400
21115,14000US17031020500,6086,,17031020500,205,14000US17031020500
21116,14000US17031020601,6939,,17031020601,206.01,14000US17031020601
21117,14000US17031020602,4057,,17031020602,206.02,14000US17031020602
21118,14000US17031020701,1886,,17031020701,207.01,14000US17031020701
21119,14000US17031020702,7546,,17031020702,207.02,14000US17031020702
21120,14000US17031020801,5434,,17031020801,208.01,14000US17031020801
21121,14000US17031020802,7492,,17031020802,208.02,14000US17031020802
21122,14000US17031020901,5712,,17031020901,209.01,14000US17031020901
21123,14000US17031020902,4482,,17031020902,209.02,14000US17031020902
21124,14000US17031030101,3794,,17031030101,301.01,14000US17031030101
21125,14000US17031030102,3139,,17031030102,301.02,14000US17031030102
21126,14000US17031030103,1881,,17031030103,301.03,14000US17031030103
21127,14000US17031030104,3580,,17031030104,301.04,14000US17031030104
21128,14000US17031030200,5721,,17031030200,302,14000US17031030200
21129,14000US17031030300,2830,,17031030300,303,14000US17031030300
21130,14000US17031030400,2558,,17031030400,304,14000US17031030400
21131,14000US17031030500,6533,,17031030500,305,14000US17031030500
21132,14000US17031030601,3256,,17031030601,306.01,14000US17031030601
21133,14000US17031030603,2223,,17031030603,306.03,14000US17031030603
21134,14000US17031030604,2796,,17031030604,306.04,14000US17031030604
21135,14000US17031030701,1814,,17031030701,307.01,14000US17031030701
21136,14000US17031030702,1554,,17031030702,307.02,14000US17031030702
21137,14000US17031030703,2783,,17031030703,307.03,14000US17031030703
21138,14000US17031030706,3290,,17031030706,307.06,14000US17031030706
21139,14000US17031030800,4496,,17031030800,308,14000US17031030800
21140,14000US17031030900,3085,,17031030900,309,14000US17031030900
21141,14000US17031031000,3363,,17031031000,310,14000US17031031000
21142,14000US17031031100,4131,,17031031100,311,14000US17031031100
21143,14000US17031031200,5343,,17031031200,312,14000US17031031200
21144,14000US17031031300,7142,,17031031300,313,14000US17031031300
21145,14000US17031031400,5381,,17031031400,314,14000US17031031400
21146,14000US17031031501,3658,,17031031501,315.01,14000US17031031501
21147,14000US17031031502,5052,,17031031502,315.02,14000US17031031502
21148,14000US17031031700,6704,,17031031700,317,14000US17031031700
21149,14000US17031031800,1825,,17031031800,318,14000US17031031800
21150,14000US17031031900,2343,,17031031900,319,14000US17031031900
21151,14000US17031032100,6849,,17031032100,321,14000US17031032100
21152,14000US17031040100,4041,,17031040100,401,14000US17031040100
21153,14000US17031040201,5895,,17031040201,402.01,14000US17031040201
21154,14000US17031040202,6727,,17031040202,402.02,14000US17031040202
21155,14000US17031040300,2465,,17031040300,403,14000US17031040300
21156,14000US17031040401,3176,,17031040401,404.01,14000US17031040401
21157,14000US17031040402,4538,,17031040402,404.02,14000US17031040402
21158,14000US17031040600,2552,,17031040600,406,14000US17031040600
21159,14000US17031040700,3149,,17031040700,407,14000US17031040700
21160,14000US17031040800,1687,,17031040800,408,14000US17031040800
21161,14000US17031040900,2044,,17031040900,409,14000US17031040900
21162,14000US17031050100,2366,,17031050100,501,14000US17031050100
21163,14000US17031050200,4761,,17031050200,502,14000US17031050200
21164,14000US17031050300,2576,,17031050300,503,14000US17031050300
21165,14000US17031050500,5160,,17031050500,505,14000US17031050500
21166,14000US17031050600,2274,,17031050600,506,14000US17031050600
21167,14000US17031050700,1509,,17031050700,507,14000US17031050700
21168,14000US17031050800,1347,,17031050800,508,14000US17031050800
21169,14000US17031050900,1531,,17031050900,509,14000US17031050900
21170,14000US17031051000,1492,,17031051000,510,14000US17031051000
21171,14000US17031051100,1555,,17031051100,511,14000US17031051100
21172,14000US17031051200,1670,,17031051200,512,14000US17031051200
21173,14000US17031051300,2749,,17031051300,513,14000US17031051300
21174,14000US17031051400,2247,,17031051400,514,14000US17031051400
21175,14000US17031060100,2566,,17031060100,601,14000US17031060100
21176,14000US17031060200,1927,,17031060200,602,14000US17031060200
21177,14000US17031060300,3103,,17031060300,603,14000US17031060300
21178,14000US17031060400,4157,,17031060400,604,14000US17031060400
21179,14000US17031060500,1160,,17031060500,605,14000US17031060500
21180,14000US17031060800,4841,,17031060800,608,14000US17031060800
21181,14000US17031060900,6395,,17031060900,609,14000US17031060900
21182,14000US17031061000,1757,,17031061000,610,14000US17031061000
21183,14000US17031061100,1135,,17031061100,611,14000US17031061100
21184,14000US17031061200,2214,,17031061200,612,14000US17031061200
21185,14000US17031061500,1896,,17031061500,615,14000US17031061500
21186,14000US17031061800,1066,,17031061800,618,14000US17031061800
21187,14000US17031061901,3773,,17031061901,619.01,14000US17031061901
21188,14000US17031061902,3992,,17031061902,619.02,14000US17031061902
21189,14000US17031062000,2650,,17031062000,620,14000US17031062000
21190,14000US17031062100,3215,,17031062100,621,14000US17031062100
21191,14000US17031062200,2941,,17031062200,622,14000US17031062200
21192,14000US17031062300,1638,,17031062300,623,14000US17031062300
21193,14000US17031062400,1819,,17031062400,624,14000US17031062400
21194,14000US17031062500,1335,,17031062500,625,14000US17031062500
21195,14000US17031062600,2330,,17031062600,626,14000US17031062600
21196,14000US17031062700,2665,,17031062700,627,14000US17031062700
21197,14000US17031062800,3561,,17031062800,628,14000US17031062800
21198,14000US17031062900,4284,,17031062900,629,14000US17031062900
21199,14000US17031063000,3393,,17031063000,630,14000US17031063000
21200,14000US17031063100,2390,,17031063100,631,14000US17031063100
21201,14000US17031063200,6344,,17031063200,632,14000US17031063200
21202,14000US17031063301,2484,,17031063301,633.01,14000US17031063301
21203,14000US17031063302,3830,,17031063302,633.02,14000US17031063302
21204,14000US17031063303,1224,,17031063303,633.03,14000US17031063303
21205,14000US17031063400,1943,,17031063400,634,14000US17031063400
21206,14000US17031070101,3963,,17031070101,701.01,14000US17031070101
21207,14000US17031070102,2328,,17031070102,701.02,14000US17031070102
21208,14000US17031070103,1850,,17031070103,701.03,14000US17031070103
21209,14000US17031070200,4124,,17031070200,702,14000US17031070200
21210,14000US17031070300,3303,,17031070300,703,14000US17031070300
21211,14000US17031070400,3275,,17031070400,704,14000US17031070400
21212,14000US17031070500,3037,,17031070500,705,14000US17031070500
21213,14000US17031070600,2905,,17031070600,706,14000US17031070600
21214,14000US17031070700,3116,,17031070700,707,14000US17031070700
21215,14000US17031071000,4032,,17031071000,710,14000US17031071000
21216,14000US17031071100,2880,,17031071100,711,14000US17031071100
21217,14000US17031071200,2055,,17031071200,712,14000US17031071200
21218,14000US17031071300,3604,,17031071300,713,14000US17031071300
21219,14000US17031071400,4571,,17031071400,714,14000US17031071400
21220,14000US17031071500,5487,,17031071500,715,14000US17031071500
21221,14000US17031071600,1849,,17031071600,716,14000US17031071600
21222,14000US17031071700,1785,,17031071700,717,14000US17031071700
21223,14000US17031071800,2643,,17031071800,718,14000US17031071800
21224,14000US17031080100,6112,,17031080100,801,14000US17031080100
21225,14000US17031080201,3420,,17031080201,802.01,14000US17031080201
21226,14000US17031080202,3386,,17031080202,802.02,14000US17031080202
21227,14000US17031080300,4322,,17031080300,803,14000US17031080300
21228,14000US17031080400,4579,,17031080400,804,14000US17031080400
21229,14000US17031081000,7744,,17031081000,810,14000US17031081000
21230,14000US17031081100,3465,,17031081100,811,14000US17031081100
21231,14000US17031081201,4102,,17031081201,812.01,14000US17031081201
21232,14000US17031081202,3079,,17031081202,812.02,14000US17031081202
21233,14000US17031081300,4978,,17031081300,813,14000US17031081300
21234,14000US17031081401,2512,,17031081401,814.01,14000US17031081401
21235,14000US17031081402,4112,,17031081402,814.02,14000US17031081402
21236,14000US17031081403,6528,,17031081403,814.03,14000US17031081403
21237,14000US17031081500,4074,,17031081500,815,14000US17031081500
21238,14000US17031081600,3192,,17031081600,816,14000US17031081600
21239,14000US17031081700,3006,,17031081700,817,14000US17031081700
21240,14000US17031081800,6721,,17031081800,818,14000US17031081800
21241,14000US17031081900,1193,,17031081900,819,14000US17031081900
21242,14000US17031090100,3178,,17031090100,901,14000US17031090100
21243,14000US17031090200,6642,,17031090200,902,14000US17031090200
21244,14000US17031090300,1363,,17031090300,903,14000US17031090300
21245,14000US17031100100,5960,,17031100100,1001,14000US17031100100
21246,14000US17031100200,7188,,17031100200,1002,14000US17031100200
21247,14000US17031100300,6024,,17031100300,1003,14000US17031100300
21248,14000US17031100400,3025,,17031100400,1004,14000US17031100400
21249,14000US17031100500,5659,,17031100500,1005,14000US17031100500
21250,14000US17031100600,4694,,17031100600,1006,14000US17031100600
21251,14000US17031100700,4631,,17031100700,1007,14000US17031100700
21252,14000US17031110100,5702,,17031110100,1101,14000US17031110100
21253,14000US17031110200,3034,,17031110200,1102,14000US17031110200
21254,14000US17031110300,4819,,17031110300,1103,14000US17031110300
21255,14000US17031110400,4844,,17031110400,1104,14000US17031110400
21256,14000US17031110501,4901,,17031110501,1105.01,14000US17031110501
21257,14000US17031110502,3471,,17031110502,1105.02,14000US17031110502
21258,14000US17031120100,4073,,17031120100,1201,14000US17031120100
21259,14000US17031120200,4251,,17031120200,1202,14000US17031120200
21260,14000US17031120300,6320,,17031120300,1203,14000US17031120300
21261,14000US17031120400,3898,,17031120400,1204,14000US17031120400
21262,14000US17031130100,6002,,17031130100,1301,14000US17031130100
21263,14000US17031130200,1586,,17031130200,1302,14000US17031130200
21264,14000US17031130300,4977,,17031130300,1303,14000US17031130300
21265,14000US17031140100,3599,,17031140100,1401,14000US17031140100
21266,14000US17031140200,6468,,17031140200,1402,14000US17031140200
21267,14000US17031140301,2648,,17031140301,1403.01,14000US17031140301
21268,14000US17031140302,4351,,17031140302,1403.02,14000US17031140302
21269,14000US17031140400,6855,,17031140400,1404,14000US17031140400
21270,14000US17031140500,4449,,17031140500,1405,14000US17031140500
21271,14000US17031140601,3171,,17031140601,1406.01,14000US17031140601
21272,14000US17031140602,5774,,17031140602,1406.02,14000US17031140602
21273,14000US17031140701,2520,,17031140701,1407.01,14000US17031140701
21274,14000US17031140702,6330,,17031140702,1407.02,14000US17031140702
21275,14000US17031140800,7732,,17031140800,1408,14000US17031140800
21276,14000US17031150200,7799,,17031150200,1502,14000US17031150200
21277,14000US17031150300,6814,,17031150300,1503,14000US17031150300
21278,14000US17031150401,4483,,17031150401,1504.01,14000US17031150401
21279,14000US17031150402,3749,,17031150402,1504.02,14000US17031150402
21280,14000US17031150501,3618,,17031150501,1505.01,14000US17031150501
21281,14000US17031150502,4822,,17031150502,1505.02,14000US17031150502
21282,14000US17031150600,3650,,17031150600,1506,14000US17031150600
21283,14000US17031150700,4451,,17031150700,1507,14000US17031150700
21284,14000US17031150800,5353,,17031150800,1508,14000US17031150800
21285,14000US17031151001,2628,,17031151001,1510.01,14000US17031151001
21286,14000US17031151002,5087,,17031151002,1510.02,14000US17031151002
21287,14000US17031151100,4939,,17031151100,1511,14000US17031151100
21288,14000US17031151200,3651,,17031151200,1512,14000US17031151200
21289,14000US17031160100,2655,,17031160100,1601,14000US17031160100
21290,14000US17031160200,3916,,17031160200,1602,14000US17031160200
21291,14000US17031160300,3853,,17031160300,1603,14000US17031160300
21292,14000US17031160400,5179,,17031160400,1604,14000US17031160400
21293,14000US17031160501,4391,,17031160501,1605.01,14000US17031160501
21294,14000US17031160502,4851,,17031160502,1605.02,14000US17031160502
21295,14000US17031160601,3792,,17031160601,1606.01,14000US17031160601
21296,14000US17031160602,3836,,17031160602,1606.02,14000US17031160602
21297,14000US17031160700,5879,,17031160700,1607,14000US17031160700
21298,14000US17031160800,5385,,17031160800,1608,14000US17031160800
21299,14000US17031160900,2612,,17031160900,1609,14000US17031160900
21300,14000US17031161000,1745,,17031161000,1610,14000US17031161000
21301,14000US17031161100,2255,,17031161100,1611,14000US17031161100
21302,14000US17031161200,2512,,17031161200,1612,14000US17031161200
21303,14000US17031161300,3652,,17031161300,1613,14000US17031161300
21304,14000US17031170100,2145,,17031170100,1701,14000US17031170100
21305,14000US17031170200,3840,,17031170200,1702,14000US17031170200
21306,14000US17031170300,5074,,17031170300,1703,14000US17031170300
21307,14000US17031170400,3791,,17031170400,1704,14000US17031170400
21308,14000US17031170500,4679,,17031170500,1705,14000US17031170500
21309,14000US17031170600,2649,,17031170600,1706,14000US17031170600
21310,14000US17031170700,3174,,17031170700,1707,14000US17031170700
21311,14000US17031170800,3645,,17031170800,1708,14000US17031170800
21312,14000US17031170900,1715,,17031170900,1709,14000US17031170900
21313,14000US17031171000,7032,,17031171000,1710,14000US17031171000
21314,14000US17031171100,4371,,17031171100,1711,14000US17031171100
21315,14000US17031180100,5662,,17031180100,1801,14000US17031180100
21316,14000US17031190100,2690,,17031190100,1901,14000US17031190100
21317,14000US17031190200,6026,,17031190200,1902,14000US17031190200
21318,14000US17031190300,5268,,17031190300,1903,14000US17031190300
21319,14000US17031190401,4545,,17031190401,1904.01,14000US17031190401
21320,14000US17031190402,4901,,17031190402,1904.02,14000US17031190402
21321,14000US17031190601,4474,,17031190601,1906.01,14000US17031190601
21322,14000US17031190602,4967,,17031190602,1906.02,14000US17031190602
21323,14000US17031190701,2935,,17031190701,1907.01,14000US17031190701
21324,14000US17031190702,4492,,17031190702,1907.02,14000US17031190702
21325,14000US17031190800,6774,,17031190800,1908,14000US17031190800
21326,14000US17031190900,2184,,17031190900,1909,14000US17031190900
21327,14000US17031191000,2720,,17031191000,1910,14000US17031191000
21328,14000US17031191100,7714,,17031191100,1911,14000US17031191100
21329,14000US17031191200,4011,,17031191200,1912,14000US17031191200
21330,14000US17031191301,5997,,17031191301,1913.01,14000US17031191301
21331,14000US17031191302,4466,,17031191302,1913.02,14000US17031191302
21332,14000US17031200100,4549,,17031200100,2001,14000US17031200100
21333,14000US17031200200,5546,,17031200200,2002,14000US17031200200
21334,14000US17031200300,2258,,17031200300,2003,14000US17031200300
21335,14000US17031200401,4014,,17031200401,2004.01,14000US17031200401
21336,14000US17031200402,3942,,17031200402,2004.02,14000US17031200402
21337,14000US17031210100,4298,,17031210100,2101,14000US17031210100
21338,14000US17031210400,3163,,17031210400,2104,14000US17031210400
21339,14000US17031210501,4505,,17031210501,2105.01,14000US17031210501
21340,14000US17031210502,5172,,17031210502,2105.02,14000US17031210502
21341,14000US17031210601,3318,,17031210601,2106.01,14000US17031210601
21342,14000US17031210602,4468,,17031210602,2106.02,14000US17031210602
21343,14000US17031210700,4518,,17031210700,2107,14000US17031210700
21344,14000US17031210800,1235,,17031210800,2108,14000US17031210800
21345,14000US17031210900,3366,,17031210900,2109,14000US17031210900
21346,14000US17031220300,2425,,17031220300,2203,14000US17031220300
21347,14000US17031220400,2445,,17031220400,2204,14000US17031220400
21348,14000US17031220500,2820,,17031220500,2205,14000US17031220500
21349,14000US17031220601,1506,,17031220601,2206.01,14000US17031220601
21350,14000US17031220602,4547,,17031220602,2206.02,14000US17031220602
21351,14000US17031220701,3810,,17031220701,2207.01,14000US17031220701
21352,14000US17031220702,4295,,17031220702,2207.02,14000US17031220702
21353,14000US17031220901,3392,,17031220901,2209.01,14000US17031220901
21354,14000US17031220902,3214,,17031220902,2209.02,14000US17031220902
21355,14000US17031221000,3081,,17031221000,2210,14000US17031221000
21356,14000US17031221100,4785,,17031221100,2211,14000US17031221100
21357,14000US17031221200,2335,,17031221200,2212,14000US17031221200
21358,14000US17031221300,2646,,17031221300,2213,14000US17031221300
21359,14000US17031221400,3104,,17031221400,2214,14000US17031221400
21360,14000US17031221500,2693,,17031221500,2215,14000US17031221500
21361,14000US17031221600,2983,,17031221600,2216,14000US17031221600
21362,14000US17031222200,1905,,17031222200,2222,14000US17031222200
21363,14000US17031222500,1433,,17031222500,2225,14000US17031222500
21364,14000US17031222600,1629,,17031222600,2226,14000US17031222600
21365,14000US17031222700,2438,,17031222700,2227,14000US17031222700
21366,14000US17031222800,881,,17031222800,2228,14000US17031222800
21367,14000US17031222900,1274,,17031222900,2229,14000US17031222900
21368,14000US17031230100,1519,,17031230100,2301,14000US17031230100
21369,14000US17031230200,1624,,17031230200,2302,14000US17031230200
21370,14000US17031230300,1120,,17031230300,2303,14000US17031230300
21371,14000US17031230400,2650,,17031230400,2304,14000US17031230400
21372,14000US17031230500,3490,,17031230500,2305,14000US17031230500
21373,14000US17031230600,8092,,17031230600,2306,14000US17031230600
21374,14000US17031230700,5178,,17031230700,2307,14000US17031230700
21375,14000US17031230800,978,,17031230800,2308,14000US17031230800
21376,14000US17031230900,5188,,17031230900,2309,14000US17031230900
21377,14000US17031231100,1135,,17031231100,2311,14000US17031231100
21378,14000US17031231200,5974,,17031231200,2312,14000US17031231200
21379,14000US17031231500,5396,,17031231500,2315,14000US17031231500
21380,14000US17031240200,1601,,17031240200,2402,14000US17031240200
21381,14000US17031240300,1315,,17031240300,2403,14000US17031240300
21382,14000US17031240500,2133,,17031240500,2405,14000US17031240500
21383,14000US17031240600,1167,,17031240600,2406,14000US17031240600
21384,14000US17031240700,1847,,17031240700,2407,14000US17031240700
21385,14000US17031240800,1684,,17031240800,2408,14000US17031240800
21386,14000US17031240900,963,,17031240900,2409,14000US17031240900
21387,14000US17031241000,2283,,17031241000,2410,14000US17031241000
21388,14000US17031241100,3931,,17031241100,2411,14000US17031241100
21389,14000US17031241200,2043,,17031241200,2412,14000US17031241200
21390,14000US17031241300,1902,,17031241300,2413,14000US17031241300
21391,14000US17031241400,4834,,17031241400,2414,14000US17031241400
21392,14000US17031241500,2904,,17031241500,2415,14000US17031241500
21393,14000US17031241600,3545,,17031241600,2416,14000US17031241600
21394,14000US17031242000,4409,,17031242000,2420,14000US17031242000
21395,14000US17031242100,3235,,17031242100,2421,14000US17031242100
21396,14000US17031242200,3989,,17031242200,2422,14000US17031242200
21397,14000US17031242300,3540,,17031242300,2423,14000US17031242300
21398,14000US17031242400,2956,,17031242400,2424,14000US17031242400
21399,14000US17031242500,3993,,17031242500,2425,14000US17031242500
21400,14000US17031242600,5669,,17031242600,2426,14000US17031242600
21401,14000US17031242700,1839,,17031242700,2427,14000US17031242700
21402,14000US17031242800,1626,,17031242800,2428,14000US17031242800
21403,14000US17031242900,2022,,17031242900,2429,14000US17031242900
21404,14000US17031243000,2369,,17031243000,2430,14000US17031243000
21405,14000US17031243100,2509,,17031243100,2431,14000US17031243100
21406,14000US17031243200,2070,,17031243200,2432,14000US17031243200
21407,14000US17031243300,2183,,17031243300,2433,14000US17031243300
21408,14000US17031243400,3052,,17031243400,2434,14000US17031243400
21409,14000US17031243500,3169,,17031243500,2435,14000US17031243500
21410,14000US17031250200,2642,,17031250200,2502,14000US17031250200
21411,14000US17031250300,4916,,17031250300,2503,14000US17031250300
21412,14000US17031250400,6402,,17031250400,2504,14000US17031250400
21413,14000US17031250500,7489,,17031250500,2505,14000US17031250500
21414,14000US17031250600,4962,,17031250600,2506,14000US17031250600
21415,14000US17031250700,5979,,17031250700,2507,14000US17031250700
21416,14000US17031250800,2272,,17031250800,2508,14000US17031250800
21417,14000US17031251000,1284,,17031251000,2510,14000US17031251000
21418,14000US17031251100,4811,,17031251100,2511,14000US17031251100
21419,14000US17031251200,3946,,17031251200,2512,14000US17031251200
21420,14000US17031251300,4774,,17031251300,2513,14000US17031251300
21421,14000US17031251400,3952,,17031251400,2514,14000US17031251400
21422,14000US17031251500,4227,,17031251500,2515,14000US17031251500
21423,14000US17031251600,3174,,17031251600,2516,14000US17031251600
21424,14000US17031251700,1613,,17031251700,2517,14000US17031251700
21425,14000US17031251800,4954,,17031251800,2518,14000US17031251800
21426,14000US17031251900,6063,,17031251900,2519,14000US17031251900
21427,14000US17031252000,5973,,17031252000,2520,14000US17031252000
21428,14000US17031252101,1559,,17031252101,2521.01,14000US17031252101
21429,14000US17031252102,6110,,17031252102,2521.02,14000US17031252102
21430,14000US17031252201,2653,,17031252201,2522.01,14000US17031252201
21431,14000US17031252202,4391,,17031252202,2522.02,14000US17031252202
21432,14000US17031260100,1283,,17031260100,2601,14000US17031260100
21433,14000US17031260200,1140,,17031260200,2602,14000US17031260200
21434,14000US17031260300,1484,,17031260300,2603,14000US17031260300
21435,14000US17031260400,1520,,17031260400,2604,14000US17031260400
21436,14000US17031260500,1716,,17031260500,2605,14000US17031260500
21437,14000US17031260600,2945,,17031260600,2606,14000US17031260600
21438,14000US17031260700,2408,,17031260700,2607,14000US17031260700
21439,14000US17031260800,2245,,17031260800,2608,14000US17031260800
21440,14000US17031260900,1938,,17031260900,2609,14000US17031260900
21441,14000US17031261000,2698,,17031261000,2610,14000US17031261000
21442,14000US17031270500,1660,,17031270500,2705,14000US17031270500
21443,14000US17031271200,1342,,17031271200,2712,14000US17031271200
21444,14000US17031271300,1150,,17031271300,2713,14000US17031271300
21445,14000US17031271400,1299,,17031271400,2714,14000US17031271400
21446,14000US17031271500,1395,,17031271500,2715,14000US17031271500
21447,14000US17031271800,1017,,17031271800,2718,14000US17031271800
21448,14000US17031280100,5293,,17031280100,2801,14000US17031280100
21449,14000US17031280400,950,,17031280400,2804,14000US17031280400
21450,14000US17031280800,544,,17031280800,2808,14000US17031280800
21451,14000US17031280900,1039,,17031280900,2809,14000US17031280900
21452,14000US17031281900,4049,,17031281900,2819,14000US17031281900
21453,14000US17031282700,2505,,17031282700,2827,14000US17031282700
21454,14000US17031282800,1726,,17031282800,2828,14000US17031282800
21455,14000US17031283100,2519,,17031283100,2831,14000US17031283100
21456,14000US17031283200,1255,,17031283200,2832,14000US17031283200
21457,14000US17031283800,3196,,17031283800,2838,14000US17031283800
21458,14000US17031290900,4038,,17031290900,2909,14000US17031290900
21459,14000US17031291200,2440,,17031291200,2912,14000US17031291200
21460,14000US17031291600,920,,17031291600,2916,14000US17031291600
21461,14000US17031292200,3043,,17031292200,2922,14000US17031292200
21462,14000US17031292400,2028,,17031292400,2924,14000US17031292400
21463,14000US17031292500,4136,,17031292500,2925,14000US17031292500
21464,14000US17031300500,2888,,17031300500,3005,14000US17031300500
21465,14000US17031300600,3458,,17031300600,3006,14000US17031300600
21466,14000US17031300700,4451,,17031300700,3007,14000US17031300700
21467,14000US17031300800,3970,,17031300800,3008,14000US17031300800
21468,14000US17031300900,3718,,17031300900,3009,14000US17031300900
21469,14000US17031301100,2583,,17031301100,3011,14000US17031301100
21470,14000US17031301200,3974,,17031301200,3012,14000US17031301200
21471,14000US17031301600,4458,,17031301600,3016,14000US17031301600
21472,14000US17031301701,3578,,17031301701,3017.01,14000US17031301701
21473,14000US17031301702,3387,,17031301702,3017.02,14000US17031301702
21474,14000US17031301801,4315,,17031301801,3018.01,14000US17031301801
21475,14000US17031301802,2509,,17031301802,3018.02,14000US17031301802
21476,14000US17031301803,4976,,17031301803,3018.03,14000US17031301803
21477,14000US17031310200,1412,,17031310200,3102,14000US17031310200
21478,14000US17031310300,1547,,17031310300,3103,14000US17031310300
21479,14000US17031310400,1363,,17031310400,3104,14000US17031310400
21480,14000US17031310500,1659,,17031310500,3105,14000US17031310500
21481,14000US17031310600,5644,,17031310600,3106,14000US17031310600
21482,14000US17031310700,1538,,17031310700,3107,14000US17031310700
21483,14000US17031310800,4875,,17031310800,3108,14000US17031310800
21484,14000US17031310900,5332,,17031310900,3109,14000US17031310900
21485,14000US17031320100,9603,,17031320100,3201,14000US17031320100
21486,14000US17031320400,1546,,17031320400,3204,14000US17031320400
21487,14000US17031320600,3670,,17031320600,3206,14000US17031320600
21488,14000US17031330100,15740,,17031330100,3301,14000US17031330100
21489,14000US17031330200,3872,,17031330200,3302,14000US17031330200
21490,14000US17031340300,1957,,17031340300,3403,14000US17031340300
21491,14000US17031340400,1954,,17031340400,3404,14000US17031340400
21492,14000US17031340500,1593,,17031340500,3405,14000US17031340500
21493,14000US17031340600,1195,,17031340600,3406,14000US17031340600
21494,14000US17031350100,1980,,17031350100,3501,14000US17031350100
21495,14000US17031350400,857,,17031350400,3504,14000US17031350400
21496,14000US17031351000,3711,,17031351000,3510,14000US17031351000
21497,14000US17031351100,1919,,17031351100,3511,14000US17031351100
21498,14000US17031351400,1366,,17031351400,3514,14000US17031351400
21499,14000US17031351500,176,,17031351500,3515,14000US17031351500
21500,14000US17031360200,1330,,17031360200,3602,14000US17031360200
21501,14000US17031380100,2101,,17031380100,3801,14000US17031380100
21502,14000US17031380200,1552,,17031380200,3802,14000US17031380200
21503,14000US17031380500,697,,17031380500,3805,14000US17031380500
21504,14000US17031380700,1590,,17031380700,3807,14000US17031380700
21505,14000US17031381200,2278,,17031381200,3812,14000US17031381200
21506,14000US17031381400,1842,,17031381400,3814,14000US17031381400
21507,14000US17031381500,211,,17031381500,3815,14000US17031381500
21508,14000US17031381700,0,,17031381700,3817,14000US17031381700
21509,14000US17031381800,1198,,17031381800,3818,14000US17031381800
21510,14000US17031381900,1414,,17031381900,3819,14000US17031381900
21511,14000US17031390100,1324,,17031390100,3901,14000US17031390100
21512,14000US17031390200,1884,,17031390200,3902,14000US17031390200
21513,14000US17031390300,2954,,17031390300,3903,14000US17031390300
21514,14000US17031390400,2946,,17031390400,3904,14000US17031390400
21515,14000US17031390500,1507,,17031390500,3905,14000US17031390500
21516,14000US17031390600,1986,,17031390600,3906,14000US17031390600
21517,14000US17031390700,5579,,17031390700,3907,14000US17031390700
21518,14000US17031400300,1671,,17031400300,4003,14000US17031400300
21519,14000US17031400400,1460,,17031400400,4004,14000US17031400400
21520,14000US17031400500,2147,,17031400500,4005,14000US17031400500
21521,14000US17031400800,2613,,17031400800,4008,14000US17031400800
21522,14000US17031410100,1810,,17031410100,4101,14000US17031410100
21523,14000US17031410200,1004,,17031410200,4102,14000US17031410200
21524,14000US17031410500,2673,,17031410500,4105,14000US17031410500
21525,14000US17031410600,2490,,17031410600,4106,14000US17031410600
21526,14000US17031410700,1997,,17031410700,4107,14000US17031410700
21527,14000US17031410800,3074,,17031410800,4108,14000US17031410800
21528,14000US17031410900,3370,,17031410900,4109,14000US17031410900
21529,14000US17031411000,3565,,17031411000,4110,14000US17031411000
21530,14000US17031411100,2234,,17031411100,4111,14000US17031411100
21531,14000US17031411200,1677,,17031411200,4112,14000US17031411200
21532,14000US17031420100,1284,,17031420100,4201,14000US17031420100
21533,14000US17031420200,1729,,17031420200,4202,14000US17031420200
21534,14000US17031420300,1901,,17031420300,4203,14000US17031420300
21535,14000US17031420400,1421,,17031420400,4204,14000US17031420400
21536,14000US17031420500,2320,,17031420500,4205,14000US17031420500
21537,14000US17031420600,1656,,17031420600,4206,14000US17031420600
21538,14000US17031420700,2879,,17031420700,4207,14000US17031420700
21539,14000US17031420800,2502,,17031420800,4208,14000US17031420800
21540,14000US17031421200,1484,,17031421200,4212,14000US17031421200
21541,14000US17031430101,3997,,17031430101,4301.01,14000US17031430101
21542,14000US17031430102,3109,,17031430102,4301.02,14000US17031430102
21543,14000US17031430200,4442,,17031430200,4302,14000US17031430200
21544,14000US17031430300,2001,,17031430300,4303,14000US17031430300
21545,14000US17031430400,3139,,17031430400,4304,14000US17031430400
21546,14000US17031430500,3490,,17031430500,4305,14000US17031430500
21547,14000US17031430600,1693,,17031430600,4306,14000US17031430600
21548,14000US17031430700,2399,,17031430700,4307,14000US17031430700
21549,14000US17031430800,1834,,17031430800,4308,14000US17031430800
21550,14000US17031430900,1859,,17031430900,4309,14000US17031430900
21551,14000US17031431200,2855,,17031431200,4312,14000US17031431200
21552,14000US17031431301,2898,,17031431301,4313.01,14000US17031431301
21553,14000US17031431302,2981,,17031431302,4313.02,14000US17031431302
21554,14000US17031431400,6292,,17031431400,4314,14000US17031431400
21555,14000US17031440101,4489,,17031440101,4401.01,14000US17031440101
21556,14000US17031440102,3252,,17031440102,4401.02,14000US17031440102
21557,14000US17031440201,5323,,17031440201,4402.01,14000US17031440201
21558,14000US17031440202,3361,,17031440202,4402.02,14000US17031440202
21559,14000US17031440300,4400,,17031440300,4403,14000US17031440300
21560,14000US17031440600,2022,,17031440600,4406,14000US17031440600
21561,14000US17031440700,1731,,17031440700,4407,14000US17031440700
21562,14000US17031440800,2139,,17031440800,4408,14000US17031440800
21563,14000US17031440900,2858,,17031440900,4409,14000US17031440900
21564,14000US17031450300,3677,,17031450300,4503,14000US17031450300
21565,14000US17031460100,3372,,17031460100,4601,14000US17031460100
21566,14000US17031460200,2272,,17031460200,4602,14000US17031460200
21567,14000US17031460301,3205,,17031460301,4603.01,14000US17031460301
21568,14000US17031460302,3827,,17031460302,4603.02,14000US17031460302
21569,14000US17031460400,3186,,17031460400,4604,14000US17031460400
21570,14000US17031460500,5241,,17031460500,4605,14000US17031460500
21571,14000US17031460600,1224,,17031460600,4606,14000US17031460600
21572,14000US17031460700,2989,,17031460700,4607,14000US17031460700
21573,14000US17031461000,1950,,17031461000,4610,14000US17031461000
21574,14000US17031470100,3508,,17031470100,4701,14000US17031470100
21575,14000US17031480100,1963,,17031480100,4801,14000US17031480100
21576,14000US17031480200,1353,,17031480200,4802,14000US17031480200
21577,14000US17031480300,1405,,17031480300,4803,14000US17031480300
21578,14000US17031480400,6572,,17031480400,4804,14000US17031480400
21579,14000US17031480500,3089,,17031480500,4805,14000US17031480500
21580,14000US17031490300,2056,,17031490300,4903,14000US17031490300
21581,14000US17031490400,1113,,17031490400,4904,14000US17031490400
21582,14000US17031490500,2420,,17031490500,4905,14000US17031490500
21583,14000US17031490600,1353,,17031490600,4906,14000US17031490600
21584,14000US17031490700,3261,,17031490700,4907,14000US17031490700
21585,14000US17031490800,3817,,17031490800,4908,14000US17031490800
21586,14000US17031490901,4090,,17031490901,4909.01,14000US17031490901
21587,14000US17031490902,4763,,17031490902,4909.02,14000US17031490902
21588,14000US17031491000,4951,,17031491000,4910,14000US17031491000
21589,14000US17031491100,4797,,17031491100,4911,14000US17031491100
21590,14000US17031491200,2977,,17031491200,4912,14000US17031491200
21591,14000US17031491300,2724,,17031491300,4913,14000US17031491300
21592,14000US17031491400,3205,,17031491400,4914,14000US17031491400
21593,14000US17031500100,3585,,17031500100,5001,14000US17031500100
21594,14000US17031500200,2003,,17031500200,5002,14000US17031500200
21595,14000US17031500300,1674,,17031500300,5003,14000US17031500300
21596,14000US17031510100,3854,,17031510100,5101,14000US17031510100
21597,14000US17031510200,3055,,17031510200,5102,14000US17031510200
21598,14000US17031510300,6186,,17031510300,5103,14000US17031510300
21599,14000US17031520100,1887,,17031520100,5201,14000US17031520100
21600,14000US17031520200,4073,,17031520200,5202,14000US17031520200
21601,14000US17031520300,6377,,17031520300,5203,14000US17031520300
21602,14000US17031520400,3986,,17031520400,5204,14000US17031520400
21603,14000US17031520500,4414,,17031520500,5205,14000US17031520500
21604,14000US17031520600,2780,,17031520600,5206,14000US17031520600
21605,14000US17031530100,2726,,17031530100,5301,14000US17031530100
21606,14000US17031530200,5334,,17031530200,5302,14000US17031530200
21607,14000US17031530300,4223,,17031530300,5303,14000US17031530300
21608,14000US17031530400,2169,,17031530400,5304,14000US17031530400
21609,14000US17031530501,5839,,17031530501,5305.01,14000US17031530501
21610,14000US17031530502,1463,,17031530502,5305.02,14000US17031530502
21611,14000US17031530503,5632,,17031530503,5305.03,14000US17031530503
21612,14000US17031530600,3373,,17031530600,5306,14000US17031530600
21613,14000US17031540101,3509,,17031540101,5401.01,14000US17031540101
21614,14000US17031540102,3311,,17031540102,5401.02,14000US17031540102
21615,14000US17031550100,7497,,17031550100,5501,14000US17031550100
21616,14000US17031550200,2671,,17031550200,5502,14000US17031550200
21617,14000US17031560100,1102,,17031560100,5601,14000US17031560100
21618,14000US17031560200,1997,,17031560200,5602,14000US17031560200
21619,14000US17031560300,3166,,17031560300,5603,14000US17031560300
21620,14000US17031560400,1422,,17031560400,5604,14000US17031560400
21621,14000US17031560700,3242,,17031560700,5607,14000US17031560700
21622,14000US17031560800,5600,,17031560800,5608,14000US17031560800
21623,14000US17031560900,5186,,17031560900,5609,14000US17031560900
21624,14000US17031561000,4865,,17031561000,5610,14000US17031561000
21625,14000US17031561100,5735,,17031561100,5611,14000US17031561100
21626,14000US17031570100,1172,,17031570100,5701,14000US17031570100
21627,14000US17031570200,1740,,17031570200,5702,14000US17031570200
21628,14000US17031570300,6322,,17031570300,5703,14000US17031570300
21629,14000US17031570400,1673,,17031570400,5704,14000US17031570400
21630,14000US17031570500,2527,,17031570500,5705,14000US17031570500
21631,14000US17031580100,3006,,17031580100,5801,14000US17031580100
21632,14000US17031580200,3476,,17031580200,5802,14000US17031580200
21633,14000US17031580300,2141,,17031580300,5803,14000US17031580300
21634,14000US17031580400,3757,,17031580400,5804,14000US17031580400
21635,14000US17031580501,5346,,17031580501,5805.01,14000US17031580501
21636,14000US17031580502,5042,,17031580502,5805.02,14000US17031580502
21637,14000US17031580600,6056,,17031580600,5806,14000US17031580600
21638,14000US17031580700,5803,,17031580700,5807,14000US17031580700
21639,14000US17031580800,1833,,17031580800,5808,14000US17031580800
21640,14000US17031590500,1961,,17031590500,5905,14000US17031590500
21641,14000US17031590600,4132,,17031590600,5906,14000US17031590600
21642,14000US17031590700,3141,,17031590700,5907,14000US17031590700
21643,14000US17031600400,4345,,17031600400,6004,14000US17031600400
21644,14000US17031600600,2343,,17031600600,6006,14000US17031600600
21645,14000US17031600700,2261,,17031600700,6007,14000US17031600700
21646,14000US17031600900,3443,,17031600900,6009,14000US17031600900
21647,14000US17031610300,5319,,17031610300,6103,14000US17031610300
21648,14000US17031610400,1461,,17031610400,6104,14000US17031610400
21649,14000US17031610800,1415,,17031610800,6108,14000US17031610800
21650,14000US17031611000,1144,,17031611000,6110,14000US17031611000
21651,14000US17031611100,2570,,17031611100,6111,14000US17031611100
21652,14000US17031611200,2343,,17031611200,6112,14000US17031611200
21653,14000US17031611300,3071,,17031611300,6113,14000US17031611300
21654,14000US17031611400,3832,,17031611400,6114,14000US17031611400
21655,14000US17031611500,3133,,17031611500,6115,14000US17031611500
21656,14000US17031611600,2295,,17031611600,6116,14000US17031611600
21657,14000US17031611700,1287,,17031611700,6117,14000US17031611700
21658,14000US17031611800,2556,,17031611800,6118,14000US17031611800
21659,14000US17031611900,2399,,17031611900,6119,14000US17031611900
21660,14000US17031612000,1581,,17031612000,6120,14000US17031612000
21661,14000US17031612100,1335,,17031612100,6121,14000US17031612100
21662,14000US17031620100,4701,,17031620100,6201,14000US17031620100
21663,14000US17031620200,2453,,17031620200,6202,14000US17031620200
21664,14000US17031620300,6525,,17031620300,6203,14000US17031620300
21665,14000US17031620400,5301,,17031620400,6204,14000US17031620400
21666,14000US17031630100,1198,,17031630100,6301,14000US17031630100
21667,14000US17031630200,2344,,17031630200,6302,14000US17031630200
21668,14000US17031630300,5850,,17031630300,6303,14000US17031630300
21669,14000US17031630400,6957,,17031630400,6304,14000US17031630400
21670,14000US17031630500,5964,,17031630500,6305,14000US17031630500
21671,14000US17031630800,6889,,17031630800,6308,14000US17031630800
21672,14000US17031630900,4895,,17031630900,6309,14000US17031630900
21673,14000US17031640100,1026,,17031640100,6401,14000US17031640100
21674,14000US17031640300,6198,,17031640300,6403,14000US17031640300
21675,14000US17031640400,3317,,17031640400,6404,14000US17031640400
21676,14000US17031640500,3323,,17031640500,6405,14000US17031640500
21677,14000US17031640600,4049,,17031640600,6406,14000US17031640600
21678,14000US17031640700,3173,,17031640700,6407,14000US17031640700
21679,14000US17031640800,1630,,17031640800,6408,14000US17031640800
21680,14000US17031650100,4992,,17031650100,6501,14000US17031650100
21681,14000US17031650200,7055,,17031650200,6502,14000US17031650200
21682,14000US17031650301,5554,,17031650301,6503.01,14000US17031650301
21683,14000US17031650302,4093,,17031650302,6503.02,14000US17031650302
21684,14000US17031650400,6855,,17031650400,6504,14000US17031650400
21685,14000US17031650500,4401,,17031650500,6505,14000US17031650500
21686,14000US17031660301,1735,,17031660301,6603.01,14000US17031660301
21687,14000US17031660302,5633,,17031660302,6603.02,14000US17031660302
21688,14000US17031660400,5415,,17031660400,6604,14000US17031660400
21689,14000US17031660500,5300,,17031660500,6605,14000US17031660500
21690,14000US17031660600,6428,,17031660600,6606,14000US17031660600
21691,14000US17031660700,2124,,17031660700,6607,14000US17031660700
21692,14000US17031660800,6058,,17031660800,6608,14000US17031660800
21693,14000US17031660900,4701,,17031660900,6609,14000US17031660900
21694,14000US17031661000,5680,,17031661000,6610,14000US17031661000
21695,14000US17031661100,5904,,17031661100,6611,14000US17031661100
21696,14000US17031670100,1420,,17031670100,6701,14000US17031670100
21697,14000US17031670200,1138,,17031670200,6702,14000US17031670200
21698,14000US17031670300,1422,,17031670300,6703,14000US17031670300
21699,14000US17031670400,2111,,17031670400,6704,14000US17031670400
21700,14000US17031670500,1268,,17031670500,6705,14000US17031670500
21701,14000US17031670600,1754,,17031670600,6706,14000US17031670600
21702,14000US17031670700,1325,,17031670700,6707,14000US17031670700
21703,14000US17031670800,1754,,17031670800,6708,14000US17031670800
21704,14000US17031670900,1350,,17031670900,6709,14000US17031670900
21705,14000US17031671100,1617,,17031671100,6711,14000US17031671100
21706,14000US17031671200,1189,,17031671200,6712,14000US17031671200
21707,14000US17031671300,2322,,17031671300,6713,14000US17031671300
21708,14000US17031671400,1693,,17031671400,6714,14000US17031671400
21709,14000US17031671500,3569,,17031671500,6715,14000US17031671500
21710,14000US17031671600,2617,,17031671600,6716,14000US17031671600
21711,14000US17031671800,1216,,17031671800,6718,14000US17031671800
21712,14000US17031671900,1303,,17031671900,6719,14000US17031671900
21713,14000US17031672000,3677,,17031672000,6720,14000US17031672000
21714,14000US17031680500,1601,,17031680500,6805,14000US17031680500
21715,14000US17031680600,1362,,17031680600,6806,14000US17031680600
21716,14000US17031680900,3925,,17031680900,6809,14000US17031680900
21717,14000US17031681000,2942,,17031681000,6810,14000US17031681000
21718,14000US17031681100,3549,,17031681100,6811,14000US17031681100
21719,14000US17031681200,2867,,17031681200,6812,14000US17031681200
21720,14000US17031681300,2742,,17031681300,6813,14000US17031681300
21721,14000US17031681400,2775,,17031681400,6814,14000US17031681400
21722,14000US17031690300,2220,,17031690300,6903,14000US17031690300
21723,14000US17031690400,3530,,17031690400,6904,14000US17031690400
21724,14000US17031690500,1288,,17031690500,6905,14000US17031690500
21725,14000US17031690900,4410,,17031690900,6909,14000US17031690900
21726,14000US17031691000,2614,,17031691000,6910,14000US17031691000
21727,14000US17031691100,3159,,17031691100,6911,14000US17031691100
21728,14000US17031691200,2645,,17031691200,6912,14000US17031691200
21729,14000US17031691300,2721,,17031691300,6913,14000US17031691300
21730,14000US17031691400,3432,,17031691400,6914,14000US17031691400
21731,14000US17031691500,2021,,17031691500,6915,14000US17031691500
21732,14000US17031700100,3206,,17031700100,7001,14000US17031700100
21733,14000US17031700200,6798,,17031700200,7002,14000US17031700200
21734,14000US17031700301,5349,,17031700301,7003.01,14000US17031700301
21735,14000US17031700302,5377,,17031700302,7003.02,14000US17031700302
21736,14000US17031700401,6256,,17031700401,7004.01,14000US17031700401
21737,14000US17031700402,4306,,17031700402,7004.02,14000US17031700402
21738,14000US17031700501,8373,,17031700501,7005.01,14000US17031700501
21739,14000US17031700502,3123,,17031700502,7005.02,14000US17031700502
21740,14000US17031710100,1392,,17031710100,7101,14000US17031710100
21741,14000US17031710200,5926,,17031710200,7102,14000US17031710200
21742,14000US17031710300,1562,,17031710300,7103,14000US17031710300
21743,14000US17031710400,5098,,17031710400,7104,14000US17031710400
21744,14000US17031710500,4439,,17031710500,7105,14000US17031710500
21745,14000US17031710600,1996,,17031710600,7106,14000US17031710600
21746,14000US17031710700,2858,,17031710700,7107,14000US17031710700
21747,14000US17031710800,4657,,17031710800,7108,14000US17031710800
21748,14000US17031710900,2756,,17031710900,7109,14000US17031710900
21749,14000US17031711000,3473,,17031711000,7110,14000US17031711000
21750,14000US17031711100,3599,,17031711100,7111,14000US17031711100
21751,14000US17031711200,4920,,17031711200,7112,14000US17031711200
21752,14000US17031711300,1742,,17031711300,7113,14000US17031711300
21753,14000US17031711400,2493,,17031711400,7114,14000US17031711400
21754,14000US17031711500,2723,,17031711500,7115,14000US17031711500
21755,14000US17031720100,4090,,17031720100,7201,14000US17031720100
21756,14000US17031720200,4594,,17031720200,7202,14000US17031720200
21757,14000US17031720300,3547,,17031720300,7203,14000US17031720300
21758,14000US17031720400,2185,,17031720400,7204,14000US17031720400
21759,14000US17031720500,2150,,17031720500,7205,14000US17031720500
21760,14000US17031720600,1670,,17031720600,7206,14000US17031720600
21761,14000US17031720700,2990,,17031720700,7207,14000US17031720700
21762,14000US17031730100,2567,,17031730100,7301,14000US17031730100
21763,14000US17031730201,6039,,17031730201,7302.01,14000US17031730201
21764,14000US17031730202,3230,,17031730202,7302.02,14000US17031730202
21765,14000US17031730300,1185,,17031730300,7303,14000US17031730300
21766,14000US17031730400,3596,,17031730400,7304,14000US17031730400
21767,14000US17031730500,4257,,17031730500,7305,14000US17031730500
21768,14000US17031730600,3147,,17031730600,7306,14000US17031730600
21769,14000US17031730700,2000,,17031730700,7307,14000US17031730700
21770,14000US17031740100,2962,,17031740100,7401,14000US17031740100
21771,14000US17031740200,6472,,17031740200,7402,14000US17031740200
21772,14000US17031740300,4413,,17031740300,7403,14000US17031740300
21773,14000US17031740400,4628,,17031740400,7404,14000US17031740400
21774,14000US17031750100,4516,,17031750100,7501,14000US17031750100
21775,14000US17031750200,2846,,17031750200,7502,14000US17031750200
21776,14000US17031750300,2758,,17031750300,7503,14000US17031750300
21777,14000US17031750400,3162,,17031750400,7504,14000US17031750400
21778,14000US17031750500,5582,,17031750500,7505,14000US17031750500
21779,14000US17031750600,3817,,17031750600,7506,14000US17031750600
21780,14000US17031760801,4390,,17031760801,7608.01,14000US17031760801
21781,14000US17031760802,2173,,17031760802,7608.02,14000US17031760802
21782,14000US17031760803,6977,,17031760803,7608.03,14000US17031760803
21783,14000US17031770201,5745,,17031770201,7702.01,14000US17031770201
21784,14000US17031770202,5066,,17031770202,7702.02,14000US17031770202
21785,14000US17031770300,7031,,17031770300,7703,14000US17031770300
21786,14000US17031770400,4510,,17031770400,7704,14000US17031770400
21787,14000US17031770500,4237,,17031770500,7705,14000US17031770500
21788,14000US17031770601,2940,,17031770601,7706.01,14000US17031770601
21789,14000US17031770602,4901,,17031770602,7706.02,14000US17031770602
21790,14000US17031770700,2697,,17031770700,7707,14000US17031770700
21791,14000US17031770800,6224,,17031770800,7708,14000US17031770800
21792,14000US17031770901,5095,,17031770901,7709.01,14000US17031770901
21793,14000US17031770902,3341,,17031770902,7709.02,14000US17031770902
21794,14000US17031800100,2565,,17031800100,8001,14000US17031800100
21795,14000US17031800200,6185,,17031800200,8002,14000US17031800200
21796,14000US17031800300,3229,,17031800300,8003,14000US17031800300
21797,14000US17031800400,3874,,17031800400,8004,14000US17031800400
21798,14000US17031800500,5071,,17031800500,8005,14000US17031800500
21799,14000US17031800600,2570,,17031800600,8006,14000US17031800600
21800,14000US17031800700,4974,,17031800700,8007,14000US17031800700
21801,14000US17031800800,2172,,17031800800,8008,14000US17031800800
21802,14000US17031800900,4674,,17031800900,8009,14000US17031800900
21803,14000US17031801000,4806,,17031801000,8010,14000US17031801000
21804,14000US17031801100,4581,,17031801100,8011,14000US17031801100
21805,14000US17031801200,3561,,17031801200,8012,14000US17031801200
21806,14000US17031801300,4191,,17031801300,8013,14000US17031801300
21807,14000US17031801400,3011,,17031801400,8014,14000US17031801400
21808,14000US17031801500,6632,,17031801500,8015,14000US17031801500
21809,14000US17031801601,4112,,17031801601,8016.01,14000US17031801601
21810,14000US17031801603,3968,,17031801603,8016.03,14000US17031801603
21811,14000US17031801605,5459,,17031801605,8016.05,14000US17031801605
21812,14000US17031801606,5811,,17031801606,8016.06,14000US17031801606
21813,14000US17031801607,5297,,17031801607,8016.07,14000US17031801607
21814,14000US17031801608,6143,,17031801608,8016.08,14000US17031801608
21815,14000US17031801701,3840,,17031801701,8017.01,14000US17031801701
21816,14000US17031801702,4773,,17031801702,8017.02,14000US17031801702
21817,14000US17031801800,5338,,17031801800,8018,14000US17031801800
21818,14000US17031801901,4443,,17031801901,8019.01,14000US17031801901
21819,14000US17031801902,3120,,17031801902,8019.02,14000US17031801902
21820,14000US17031802002,5388,,17031802002,8020.02,14000US17031802002
21821,14000US17031802003,2559,,17031802003,8020.03,14000US17031802003
21822,14000US17031802004,5082,,17031802004,8020.04,14000US17031802004
21823,14000US17031802100,3419,,17031802100,8021,14000US17031802100
21824,14000US17031802200,4259,,17031802200,8022,14000US17031802200
21825,14000US17031802300,5297,,17031802300,8023,14000US17031802300
21826,14000US17031802402,4959,,17031802402,8024.02,14000US17031802402
21827,14000US17031802403,1378,,17031802403,8024.03,14000US17031802403
21828,14000US17031802404,7142,,17031802404,8024.04,14000US17031802404
21829,14000US17031802503,5552,,17031802503,8025.03,14000US17031802503
21830,14000US17031802504,6726,,17031802504,8025.04,14000US17031802504
21831,14000US17031802505,7173,,17031802505,8025.05,14000US17031802505
21832,14000US17031802506,2767,,17031802506,8025.06,14000US17031802506
21833,14000US17031802605,6919,,17031802605,8026.05,14000US17031802605
21834,14000US17031802607,1385,,17031802607,8026.07,14000US17031802607
21835,14000US17031802608,5996,,17031802608,8026.08,14000US17031802608
21836,14000US17031802609,6314,,17031802609,8026.09,14000US17031802609
21837,14000US17031802610,1526,,17031802610,8026.10,14000US17031802610
21838,14000US17031802701,6606,,17031802701,8027.01,14000US17031802701
21839,14000US17031802702,5016,,17031802702,8027.02,14000US17031802702
21840,14000US17031802801,4951,,17031802801,8028.01,14000US17031802801
21841,14000US17031802802,6478,,17031802802,8028.02,14000US17031802802
21842,14000US17031802900,6172,,17031802900,8029,14000US17031802900
21843,14000US17031803005,2556,,17031803005,8030.05,14000US17031803005
21844,14000US17031803007,5090,,17031803007,8030.07,14000US17031803007
21845,14000US17031803008,4621,,17031803008,8030.08,14000US17031803008
21846,14000US17031803010,4815,,17031803010,8030.10,14000US17031803010
21847,14000US17031803012,2301,,17031803012,8030.12,14000US17031803012
21848,14000US17031803013,5236,,17031803013,8030.13,14000US17031803013
21849,14000US17031803014,3716,,17031803014,8030.14,14000US17031803014
21850,14000US17031803015,4736,,17031803015,8030.15,14000US17031803015
21851,14000US17031803016,2201,,17031803016,8030.16,14000US17031803016
21852,14000US17031803017,5646,,17031803017,8030.17,14000US17031803017
21853,14000US17031803100,3339,,17031803100,8031,14000US17031803100
21854,14000US17031803200,5984,,17031803200,8032,14000US17031803200
21855,14000US17031803300,5512,,17031803300,8033,14000US17031803300
21856,14000US17031803400,6303,,17031803400,8034,14000US17031803400
21857,14000US17031803500,6157,,17031803500,8035,14000US17031803500
21858,14000US17031803603,6957,,17031803603,8036.03,14000US17031803603
21859,14000US17031803604,4201,,17031803604,8036.04,14000US17031803604
21860,14000US17031803605,7435,,17031803605,8036.05,14000US17031803605
21861,14000US17031803606,8879,,17031803606,8036.06,14000US17031803606
21862,14000US17031803607,5203,,17031803607,8036.07,14000US17031803607
21863,14000US17031803608,7643,,17031803608,8036.08,14000US17031803608
21864,14000US17031803610,7393,,17031803610,8036.10,14000US17031803610
21865,14000US17031803611,5857,,17031803611,8036.11,14000US17031803611
21866,14000US17031803612,3333,,17031803612,8036.12,14000US17031803612
21867,14000US17031803701,2615,,17031803701,8037.01,14000US17031803701
21868,14000US17031803702,5653,,17031803702,8037.02,14000US17031803702
21869,14000US17031803800,4953,,17031803800,8038,14000US17031803800
21870,14000US17031803901,3213,,17031803901,8039.01,14000US17031803901
21871,14000US17031803902,3561,,17031803902,8039.02,14000US17031803902
21872,14000US17031804000,4409,,17031804000,8040,14000US17031804000
21873,14000US17031804102,7100,,17031804102,8041.02,14000US17031804102
21874,14000US17031804104,5152,,17031804104,8041.04,14000US17031804104
21875,14000US17031804105,4215,,17031804105,8041.05,14000US17031804105
21876,14000US17031804106,6886,,17031804106,8041.06,14000US17031804106
21877,14000US17031804108,3654,,17031804108,8041.08,14000US17031804108
21878,14000US17031804109,2878,,17031804109,8041.09,14000US17031804109
21879,14000US17031804201,7673,,17031804201,8042.01,14000US17031804201
21880,14000US17031804202,7905,,17031804202,8042.02,14000US17031804202
21881,14000US17031804305,7686,,17031804305,8043.05,14000US17031804305
21882,14000US17031804306,6014,,17031804306,8043.06,14000US17031804306
21883,14000US17031804308,5243,,17031804308,8043.08,14000US17031804308
21884,14000US17031804309,3106,,17031804309,8043.09,14000US17031804309
21885,14000US17031804310,9339,,17031804310,8043.10,14000US17031804310
21886,14000US17031804311,7713,,17031804311,8043.11,14000US17031804311
21887,14000US17031804403,6266,,17031804403,8044.03,14000US17031804403
21888,14000US17031804404,5342,,17031804404,8044.04,14000US17031804404
21889,14000US17031804405,3931,,17031804405,8044.05,14000US17031804405
21890,14000US17031804406,6432,,17031804406,8044.06,14000US17031804406
21891,14000US17031804505,3710,,17031804505,8045.05,14000US17031804505
21892,14000US17031804506,5128,,17031804506,8045.06,14000US17031804506
21893,14000US17031804507,11693,,17031804507,8045.07,14000US17031804507
21894,14000US17031804508,2439,,17031804508,8045.08,14000US17031804508
21895,14000US17031804509,5937,,17031804509,8045.09,14000US17031804509
21896,14000US17031804510,6142,,17031804510,8045.10,14000US17031804510
21897,14000US17031804511,2541,,17031804511,8045.11,14000US17031804511
21898,14000US17031804603,4919,,17031804603,8046.03,14000US17031804603
21899,14000US17031804606,7540,,17031804606,8046.06,14000US17031804606
21900,14000US17031804607,6963,,17031804607,8046.07,14000US17031804607
21901,14000US17031804608,3781,,17031804608,8046.08,14000US17031804608
21902,14000US17031804609,5733,,17031804609,8046.09,14000US17031804609
21903,14000US17031804610,2217,,17031804610,8046.10,14000US17031804610
21904,14000US17031804611,4293,,17031804611,8046.11,14000US17031804611
21905,14000US17031804701,6264,,17031804701,8047.01,14000US17031804701
21906,14000US17031804705,3900,,17031804705,8047.05,14000US17031804705
21907,14000US17031804706,2452,,17031804706,8047.06,14000US17031804706
21908,14000US17031804709,6722,,17031804709,8047.09,14000US17031804709
21909,14000US17031804710,4512,,17031804710,8047.10,14000US17031804710
21910,14000US17031804711,7395,,17031804711,8047.11,14000US17031804711
21911,14000US17031804712,5787,,17031804712,8047.12,14000US17031804712
21912,14000US17031804713,4587,,17031804713,8047.13,14000US17031804713
21913,14000US17031804714,3574,,17031804714,8047.14,14000US17031804714
21914,14000US17031804715,3674,,17031804715,8047.15,14000US17031804715
21915,14000US17031804716,5542,,17031804716,8047.16,14000US17031804716
21916,14000US17031804803,5680,,17031804803,8048.03,14000US17031804803
21917,14000US17031804804,6675,,17031804804,8048.04,14000US17031804804
21918,14000US17031804805,7368,,17031804805,8048.05,14000US17031804805
21919,14000US17031804806,3331,,17031804806,8048.06,14000US17031804806
21920,14000US17031804807,5131,,17031804807,8048.07,14000US17031804807
21921,14000US17031804808,2538,,17031804808,8048.08,14000US17031804808
21922,14000US17031804809,4041,,17031804809,8048.09,14000US17031804809
21923,14000US17031804810,6731,,17031804810,8048.10,14000US17031804810
21924,14000US17031804901,6549,,17031804901,8049.01,14000US17031804901
21925,14000US17031804902,5183,,17031804902,8049.02,14000US17031804902
21926,14000US17031805001,4804,,17031805001,8050.01,14000US17031805001
21927,14000US17031805002,6959,,17031805002,8050.02,14000US17031805002
21928,14000US17031805105,7367,,17031805105,8051.05,14000US17031805105
21929,14000US17031805106,2539,,17031805106,8051.06,14000US17031805106
21930,14000US17031805107,6252,,17031805107,8051.07,14000US17031805107
21931,14000US17031805108,7388,,17031805108,8051.08,14000US17031805108
21932,14000US17031805109,4353,,17031805109,8051.09,14000US17031805109
21933,14000US17031805110,4153,,17031805110,8051.10,14000US17031805110
21934,14000US17031805111,7651,,17031805111,8051.11,14000US17031805111
21935,14000US17031805112,3082,,17031805112,8051.12,14000US17031805112
21936,14000US17031805201,3314,,17031805201,8052.01,14000US17031805201
21937,14000US17031805202,4127,,17031805202,8052.02,14000US17031805202
21938,14000US17031805301,3480,,17031805301,8053.01,14000US17031805301
21939,14000US17031805302,3339,,17031805302,8053.02,14000US17031805302
21940,14000US17031805401,3862,,17031805401,8054.01,14000US17031805401
21941,14000US17031805402,5192,,17031805402,8054.02,14000US17031805402
21942,14000US17031805501,3638,,17031805501,8055.01,14000US17031805501
21943,14000US17031805502,3587,,17031805502,8055.02,14000US17031805502
21944,14000US17031805600,4771,,17031805600,8056,14000US17031805600
21945,14000US17031805701,5233,,17031805701,8057.01,14000US17031805701
21946,14000US17031805702,1797,,17031805702,8057.02,14000US17031805702
21947,14000US17031805801,2455,,17031805801,8058.01,14000US17031805801
21948,14000US17031805802,5026,,17031805802,8058.02,14000US17031805802
21949,14000US17031805901,3906,,17031805901,8059.01,14000US17031805901
21950,14000US17031805902,6281,,17031805902,8059.02,14000US17031805902
21951,14000US17031806001,6022,,17031806001,8060.01,14000US17031806001
21952,14000US17031806002,8202,,17031806002,8060.02,14000US17031806002
21953,14000US17031806003,7745,,17031806003,8060.03,14000US17031806003
21954,14000US17031806004,7628,,17031806004,8060.04,14000US17031806004
21955,14000US17031806102,4212,,17031806102,8061.02,14000US17031806102
21956,14000US17031806103,5096,,17031806103,8061.03,14000US17031806103
21957,14000US17031806104,4352,,17031806104,8061.04,14000US17031806104
21958,14000US17031806201,4181,,17031806201,8062.01,14000US17031806201
21959,14000US17031806202,4675,,17031806202,8062.02,14000US17031806202
21960,14000US17031806300,4454,,17031806300,8063,14000US17031806300
21961,14000US17031806400,2273,,17031806400,8064,14000US17031806400
21962,14000US17031806501,2621,,17031806501,8065.01,14000US17031806501
21963,14000US17031806502,4309,,17031806502,8065.02,14000US17031806502
21964,14000US17031806600,3368,,17031806600,8066,14000US17031806600
21965,14000US17031806700,4471,,17031806700,8067,14000US17031806700
21966,14000US17031806801,3893,,17031806801,8068.01,14000US17031806801
21967,14000US17031806802,3026,,17031806802,8068.02,14000US17031806802
21968,14000US17031806900,4858,,17031806900,8069,14000US17031806900
21969,14000US17031807000,5407,,17031807000,8070,14000US17031807000
21970,14000US17031807100,3903,,17031807100,8071,14000US17031807100
21971,14000US17031807200,5960,,17031807200,8072,14000US17031807200
21972,14000US17031807300,7184,,17031807300,8073,14000US17031807300
21973,14000US17031807400,6919,,17031807400,8074,14000US17031807400
21974,14000US17031807500,3361,,17031807500,8075,14000US17031807500
21975,14000US17031807600,6360,,17031807600,8076,14000US17031807600
21976,14000US17031807700,5728,,17031807700,8077,14000US17031807700
21977,14000US17031807800,2671,,17031807800,8078,14000US17031807800
21978,14000US17031807900,4127,,17031807900,8079,14000US17031807900
21979,14000US17031808001,3708,,17031808001,8080.01,14000US17031808001
21980,14000US17031808002,4703,,17031808002,8080.02,14000US17031808002
21981,14000US17031808100,3501,,17031808100,8081,14000US17031808100
21982,14000US17031808200,5542,,17031808200,8082,14000US17031808200
21983,14000US17031808301,5585,,17031808301,8083.01,14000US17031808301
21984,14000US17031808302,4001,,17031808302,8083.02,14000US17031808302
21985,14000US17031808400,4353,,17031808400,8084,14000US17031808400
21986,14000US17031808500,4185,,17031808500,8085,14000US17031808500
21987,14000US17031808600,2072,,17031808600,8086,14000US17031808600
21988,14000US17031808702,5648,,17031808702,8087.02,14000US17031808702
21989,14000US17031808800,3736,,17031808800,8088,14000US17031808800
21990,14000US17031808900,3999,,17031808900,8089,14000US17031808900
21991,14000US17031809000,3875,,17031809000,8090,14000US17031809000
21992,14000US17031809100,3596,,17031809100,8091,14000US17031809100
21993,14000US17031809200,5160,,17031809200,8092,14000US17031809200
21994,14000US17031809300,4737,,17031809300,8093,14000US17031809300
21995,14000US17031809400,4753,,17031809400,8094,14000US17031809400
21996,14000US17031809500,3346,,17031809500,8095,14000US17031809500
21997,14000US17031809600,3347,,17031809600,8096,14000US17031809600
21998,14000US17031809700,4127,,17031809700,8097,14000US17031809700
21999,14000US17031809800,3077,,17031809800,8098,14000US17031809800
22000,14000US17031809900,3008,,17031809900,8099,14000US17031809900
22001,14000US17031810000,4753,,17031810000,8100,14000US17031810000
22002,14000US17031810100,4914,,17031810100,8101,14000US17031810100
22003,14000US17031810200,5675,,17031810200,8102,14000US17031810200
22004,14000US17031810301,3686,,17031810301,8103.01,14000US17031810301
22005,14000US17031810302,3182,,17031810302,8103.02,14000US17031810302
22006,14000US17031810400,5303,,17031810400,8104,14000US17031810400
22007,14000US17031810501,5233,,17031810501,8105.01,14000US17031810501
22008,14000US17031810502,5287,,17031810502,8105.02,14000US17031810502
22009,14000US17031810600,4420,,17031810600,8106,14000US17031810600
22010,14000US17031810701,5192,,17031810701,8107.01,14000US17031810701
22011,14000US17031810702,4053,,17031810702,8107.02,14000US17031810702
22012,14000US17031810800,5468,,17031810800,8108,14000US17031810800
22013,14000US17031810900,5986,,17031810900,8109,14000US17031810900
22014,14000US17031811000,4177,,17031811000,8110,14000US17031811000
22015,14000US17031811100,6005,,17031811100,8111,14000US17031811100
22016,14000US17031811200,5792,,17031811200,8112,14000US17031811200
22017,14000US17031811301,4894,,17031811301,8113.01,14000US17031811301
22018,14000US17031811302,3603,,17031811302,8113.02,14000US17031811302
22019,14000US17031811401,5172,,17031811401,8114.01,14000US17031811401
22020,14000US17031811402,4570,,17031811402,8114.02,14000US17031811402
22021,14000US17031811500,5789,,17031811500,8115,14000US17031811500
22022,14000US17031811600,5558,,17031811600,8116,14000US17031811600
22023,14000US17031811701,3905,,17031811701,8117.01,14000US17031811701
22024,14000US17031811702,5229,,17031811702,8117.02,14000US17031811702
22025,14000US17031811800,5093,,17031811800,8118,14000US17031811800
22026,14000US17031811900,6063,,17031811900,8119,14000US17031811900
22027,14000US17031812000,5111,,17031812000,8120,14000US17031812000
22028,14000US17031812100,4556,,17031812100,8121,14000US17031812100
22029,14000US17031812200,4002,,17031812200,8122,14000US17031812200
22030,14000US17031812301,3537,,17031812301,8123.01,14000US17031812301
22031,14000US17031812302,2756,,17031812302,8123.02,14000US17031812302
22032,14000US17031812400,3333,,17031812400,8124,14000US17031812400
22033,14000US17031812500,4038,,17031812500,8125,14000US17031812500
22034,14000US17031812600,3410,,17031812600,8126,14000US17031812600
22035,14000US17031812700,3133,,17031812700,8127,14000US17031812700
22036,14000US17031812801,2948,,17031812801,8128.01,14000US17031812801
22037,14000US17031812802,2748,,17031812802,8128.02,14000US17031812802
22038,14000US17031812900,4707,,17031812900,8129,14000US17031812900
22039,14000US17031813000,3669,,17031813000,8130,14000US17031813000
22040,14000US17031813100,4700,,17031813100,8131,14000US17031813100
22041,14000US17031813200,4244,,17031813200,8132,14000US17031813200
22042,14000US17031813301,3388,,17031813301,8133.01,14000US17031813301
22043,14000US17031813302,3445,,17031813302,8133.02,14000US17031813302
22044,14000US17031813400,7797,,17031813400,8134,14000US17031813400
22045,14000US17031813500,7637,,17031813500,8135,14000US17031813500
22046,14000US17031813600,4952,,17031813600,8136,14000US17031813600
22047,14000US17031813701,3595,,17031813701,8137.01,14000US17031813701
22048,14000US17031813702,4030,,17031813702,8137.02,14000US17031813702
22049,14000US17031813801,2852,,17031813801,8138.01,14000US17031813801
22050,14000US17031813802,5456,,17031813802,8138.02,14000US17031813802
22051,14000US17031813900,6534,,17031813900,8139,14000US17031813900
22052,14000US17031814000,4739,,17031814000,8140,14000US17031814000
22053,14000US17031814100,4892,,17031814100,8141,14000US17031814100
22054,14000US17031814200,6992,,17031814200,8142,14000US17031814200
22055,14000US17031814300,4993,,17031814300,8143,14000US17031814300
22056,14000US17031814400,7614,,17031814400,8144,14000US17031814400
22057,14000US17031814500,4840,,17031814500,8145,14000US17031814500
22058,14000US17031814600,5731,,17031814600,8146,14000US17031814600
22059,14000US17031814700,5707,,17031814700,8147,14000US17031814700
22060,14000US17031814800,6170,,17031814800,8148,14000US17031814800
22061,14000US17031814900,6281,,17031814900,8149,14000US17031814900
22062,14000US17031815000,4316,,17031815000,8150,14000US17031815000
22063,14000US17031815100,4334,,17031815100,8151,14000US17031815100
22064,14000US17031815200,6022,,17031815200,8152,14000US17031815200
22065,14000US17031815300,4016,,17031815300,8153,14000US17031815300
22066,14000US17031815400,5447,,17031815400,8154,14000US17031815400
22067,14000US17031815500,8352,,17031815500,8155,14000US17031815500
22068,14000US17031815600,5150,,17031815600,8156,14000US17031815600
22069,14000US17031815701,4037,,17031815701,8157.01,14000US17031815701
22070,14000US17031815702,4910,,17031815702,8157.02,14000US17031815702
22071,14000US17031815800,1450,,17031815800,8158,14000US17031815800
22072,14000US17031815900,4813,,17031815900,8159,14000US17031815900
22073,14000US17031816000,3281,,17031816000,8160,14000US17031816000
22074,14000US17031816100,6100,,17031816100,8161,14000US17031816100
22075,14000US17031816200,3940,,17031816200,8162,14000US17031816200
22076,14000US17031816300,4928,,17031816300,8163,14000US17031816300
22077,14000US17031816401,5489,,17031816401,8164.01,14000US17031816401
22078,14000US17031816402,4244,,17031816402,8164.02,14000US17031816402
22079,14000US17031816500,4286,,17031816500,8165,14000US17031816500
22080,14000US17031816600,4765,,17031816600,8166,14000US17031816600
22081,14000US17031816700,2828,,17031816700,8167,14000US17031816700
22082,14000US17031816800,5341,,17031816800,8168,14000US17031816800
22083,14000US17031816900,5899,,17031816900,8169,14000US17031816900
22084,14000US17031817000,4849,,17031817000,8170,14000US17031817000
22085,14000US17031817101,4827,,17031817101,8171.01,14000US17031817101
22086,14000US17031817102,3499,,17031817102,8171.02,14000US17031817102
22087,14000US17031817200,3800,,17031817200,8172,14000US17031817200
22088,14000US17031817300,2783,,17031817300,8173,14000US17031817300
22089,14000US17031817400,4481,,17031817400,8174,14000US17031817400
22090,14000US17031817500,3704,,17031817500,8175,14000US17031817500
22091,14000US17031817600,4307,,17031817600,8176,14000US17031817600
22092,14000US17031817700,5102,,17031817700,8177,14000US17031817700
22093,14000US17031817900,5683,,17031817900,8179,14000US17031817900
22094,14000US17031818000,4261,,17031818000,8180,14000US17031818000
22095,14000US17031818100,2325,,17031818100,8181,14000US17031818100
22096,14000US17031818200,4689,,17031818200,8182,14000US17031818200
22097,14000US17031818300,6128,,17031818300,8183,14000US17031818300
22098,14000US17031818401,3488,,17031818401,8184.01,14000US17031818401
22099,14000US17031818402,3083,,17031818402,8184.02,14000US17031818402
22100,14000US17031818500,5477,,17031818500,8185,14000US17031818500
22101,14000US17031818600,4681,,17031818600,8186,14000US17031818600
22102,14000US17031818700,3636,,17031818700,8187,14000US17031818700
22103,14000US17031818800,5516,,17031818800,8188,14000US17031818800
22104,14000US17031818900,4573,,17031818900,8189,14000US17031818900
22105,14000US17031819000,4751,,17031819000,8190,14000US17031819000
22106,14000US17031819100,4423,,17031819100,8191,14000US17031819100
22107,14000US17031819200,6185,,17031819200,8192,14000US17031819200
22108,14000US17031819300,2729,,17031819300,8193,14000US17031819300
22109,14000US17031819400,5481,,17031819400,8194,14000US17031819400
22110,14000US17031819500,3244,,17031819500,8195,14000US17031819500
22111,14000US17031819600,3992,,17031819600,8196,14000US17031819600
22112,14000US17031819700,5949,,17031819700,8197,14000US17031819700
22113,14000US17031819801,5255,,17031819801,8198.01,14000US17031819801
22114,14000US17031819802,2675,,17031819802,8198.02,14000US17031819802
22115,14000US17031819900,3317,,17031819900,8199,14000US17031819900
22116,14000US17031820000,1990,,17031820000,8200,14000US17031820000
22117,14000US17031820101,7186,,17031820101,8201.01,14000US17031820101
22118,14000US17031820103,3859,,17031820103,8201.03,14000US17031820103
22119,14000US17031820104,4120,,17031820104,8201.04,14000US17031820104
22120,14000US17031820201,7613,,17031820201,8202.01,14000US17031820201
22121,14000US17031820202,3815,,17031820202,8202.02,14000US17031820202
22122,14000US17031820300,5448,,17031820300,8203,14000US17031820300
22123,14000US17031820400,5718,,17031820400,8204,14000US17031820400
22124,14000US17031820501,6242,,17031820501,8205.01,14000US17031820501
22125,14000US17031820502,4893,,17031820502,8205.02,14000US17031820502
22126,14000US17031820603,5033,,17031820603,8206.03,14000US17031820603
22127,14000US17031820604,4011,,17031820604,8206.04,14000US17031820604
22128,14000US17031820605,4624,,17031820605,8206.05,14000US17031820605
22129,14000US17031820606,3788,,17031820606,8206.06,14000US17031820606
22130,14000US17031820700,6731,,17031820700,8207,14000US17031820700
22131,14000US17031820800,3892,,17031820800,8208,14000US17031820800
22132,14000US17031820901,5559,,17031820901,8209.01,14000US17031820901
22133,14000US17031820902,4837,,17031820902,8209.02,14000US17031820902
22134,14000US17031821001,5426,,17031821001,8210.01,14000US17031821001
22135,14000US17031821002,5474,,17031821002,8210.02,14000US17031821002
22136,14000US17031821101,4631,,17031821101,8211.01,14000US17031821101
22137,14000US17031821102,4064,,17031821102,8211.02,14000US17031821102
22138,14000US17031821200,5355,,17031821200,8212,14000US17031821200
22139,14000US17031821300,5814,,17031821300,8213,14000US17031821300
22140,14000US17031821401,3645,,17031821401,8214.01,14000US17031821401
22141,14000US17031821402,3742,,17031821402,8214.02,14000US17031821402
22142,14000US17031821500,2314,,17031821500,8215,14000US17031821500
22143,14000US17031821600,4501,,17031821600,8216,14000US17031821600
22144,14000US17031821700,4848,,17031821700,8217,14000US17031821700
22145,14000US17031821800,5406,,17031821800,8218,14000US17031821800
22146,14000US17031821900,5097,,17031821900,8219,14000US17031821900
22147,14000US17031822000,4346,,17031822000,8220,14000US17031822000
22148,14000US17031822101,4542,,17031822101,8221.01,14000US17031822101
22149,14000US17031822102,4404,,17031822102,8221.02,14000US17031822102
22150,14000US17031822200,3821,,17031822200,8222,14000US17031822200
22151,14000US17031822301,3780,,17031822301,8223.01,14000US17031822301
22152,14000US17031822302,4147,,17031822302,8223.02,14000US17031822302
22153,14000US17031822400,6520,,17031822400,8224,14000US17031822400
22154,14000US17031822500,4654,,17031822500,8225,14000US17031822500
22155,14000US17031822601,4338,,17031822601,8226.01,14000US17031822601
22156,14000US17031822602,6425,,17031822602,8226.02,14000US17031822602
22157,14000US17031822701,4162,,17031822701,8227.01,14000US17031822701
22158,14000US17031822702,3405,,17031822702,8227.02,14000US17031822702
22159,14000US17031822801,3823,,17031822801,8228.01,14000US17031822801
22160,14000US17031822802,3570,,17031822802,8228.02,14000US17031822802
22161,14000US17031822900,1938,,17031822900,8229,14000US17031822900
22162,14000US17031823001,6427,,17031823001,8230.01,14000US17031823001
22163,14000US17031823002,6180,,17031823002,8230.02,14000US17031823002
22164,14000US17031823101,4449,,17031823101,8231.01,14000US17031823101
22165,14000US17031823102,3851,,17031823102,8231.02,14000US17031823102
22166,14000US17031823200,5207,,17031823200,8232,14000US17031823200
22167,14000US17031823302,6062,,17031823302,8233.02,14000US17031823302
22168,14000US17031823303,4660,,17031823303,8233.03,14000US17031823303
22169,14000US17031823304,5911,,17031823304,8233.04,14000US17031823304
22170,14000US17031823400,4881,,17031823400,8234,14000US17031823400
22171,14000US17031823500,4728,,17031823500,8235,14000US17031823500
22172,14000US17031823602,5956,,17031823602,8236.02,14000US17031823602
22173,14000US17031823603,2287,,17031823603,8236.03,14000US17031823603
22174,14000US17031823604,3640,,17031823604,8236.04,14000US17031823604
22175,14000US17031823605,4428,,17031823605,8236.05,14000US17031823605
22176,14000US17031823702,6634,,17031823702,8237.02,14000US17031823702
22177,14000US17031823703,7647,,17031823703,8237.03,14000US17031823703
22178,14000US17031823704,4149,,17031823704,8237.04,14000US17031823704
22179,14000US17031823705,4743,,17031823705,8237.05,14000US17031823705
22180,14000US17031823801,5659,,17031823801,8238.01,14000US17031823801
22181,14000US17031823803,7042,,17031823803,8238.03,14000US17031823803
22182,14000US17031823805,2904,,17031823805,8238.05,14000US17031823805
22183,14000US17031823806,3424,,17031823806,8238.06,14000US17031823806
22184,14000US17031823901,3756,,17031823901,8239.01,14000US17031823901
22185,14000US17031823903,4482,,17031823903,8239.03,14000US17031823903
22186,14000US17031823904,4039,,17031823904,8239.04,14000US17031823904
22187,14000US17031824003,5874,,17031824003,8240.03,14000US17031824003
22188,14000US17031824004,5541,,17031824004,8240.04,14000US17031824004
22189,14000US17031824005,5621,,17031824005,8240.05,14000US17031824005
22190,14000US17031824006,3965,,17031824006,8240.06,14000US17031824006
22191,14000US17031824105,6847,,17031824105,8241.05,14000US17031824105
22192,14000US17031824106,7053,,17031824106,8241.06,14000US17031824106
22193,14000US17031824107,6661,,17031824107,8241.07,14000US17031824107
22194,14000US17031824108,7694,,17031824108,8241.08,14000US17031824108
22195,14000US17031824113,6341,,17031824113,8241.13,14000US17031824113
22196,14000US17031824114,4789,,17031824114,8241.14,14000US17031824114
22197,14000US17031824115,3485,,17031824115,8241.15,14000US17031824115
22198,14000US17031824116,4695,,17031824116,8241.16,14000US17031824116
22199,14000US17031824117,9663,,17031824117,8241.17,14000US17031824117
22200,14000US17031824119,6070,,17031824119,8241.19,14000US17031824119
22201,14000US17031824120,8571,,17031824120,8241.20,14000US17031824120
22202,14000US17031824121,3477,,17031824121,8241.21,14000US17031824121
22203,14000US17031824122,5896,,17031824122,8241.22,14000US17031824122
22204,14000US17031824123,8114,,17031824123,8241.23,14000US17031824123
22205,14000US17031824300,5103,,17031824300,8243,14000US17031824300
22206,14000US17031824400,2312,,17031824400,8244,14000US17031824400
22207,14000US17031824503,6528,,17031824503,8245.03,14000US17031824503
22208,14000US17031824505,6853,,17031824505,8245.05,14000US17031824505
22209,14000US17031824506,7921,,17031824506,8245.06,14000US17031824506
22210,14000US17031824507,4393,,17031824507,8245.07,14000US17031824507
22211,14000US17031824601,4344,,17031824601,8246.01,14000US17031824601
22212,14000US17031824602,6552,,17031824602,8246.02,14000US17031824602
22213,14000US17031824701,3585,,17031824701,8247.01,14000US17031824701
22214,14000US17031824702,5934,,17031824702,8247.02,14000US17031824702
22215,14000US17031824800,7218,,17031824800,8248,14000US17031824800
22216,14000US17031824900,3394,,17031824900,8249,14000US17031824900
22217,14000US17031825000,5012,,17031825000,8250,14000US17031825000
22218,14000US17031825200,1881,,17031825200,8252,14000US17031825200
22219,14000US17031825302,5850,,17031825302,8253.02,14000US17031825302
22220,14000US17031825303,3835,,17031825303,8253.03,14000US17031825303
22221,14000US17031825304,4080,,17031825304,8253.04,14000US17031825304
22222,14000US17031825400,6043,,17031825400,8254,14000US17031825400
22223,14000US17031825501,6158,,17031825501,8255.01,14000US17031825501
22224,14000US17031825503,6616,,17031825503,8255.03,14000US17031825503
22225,14000US17031825504,3813,,17031825504,8255.04,14000US17031825504
22226,14000US17031825505,5113,,17031825505,8255.05,14000US17031825505
22227,14000US17031825600,5305,,17031825600,8256,14000US17031825600
22228,14000US17031825700,4208,,17031825700,8257,14000US17031825700
22229,14000US17031825801,3803,,17031825801,8258.01,14000US17031825801
22230,14000US17031825802,4515,,17031825802,8258.02,14000US17031825802
22231,14000US17031825803,5477,,17031825803,8258.03,14000US17031825803
22232,14000US17031825900,2989,,17031825900,8259,14000US17031825900
22233,14000US17031826000,3643,,17031826000,8260,14000US17031826000
22234,14000US17031826100,6977,,17031826100,8261,14000US17031826100
22235,14000US17031826201,3696,,17031826201,8262.01,14000US17031826201
22236,14000US17031826202,6421,,17031826202,8262.02,14000US17031826202
22237,14000US17031826301,3911,,17031826301,8263.01,14000US17031826301
22238,14000US17031826303,4136,,17031826303,8263.03,14000US17031826303
22239,14000US17031826304,3138,,17031826304,8263.04,14000US17031826304
22240,14000US17031826401,4550,,17031826401,8264.01,14000US17031826401
22241,14000US17031826402,4782,,17031826402,8264.02,14000US17031826402
22242,14000US17031826500,6410,,17031826500,8265,14000US17031826500
22243,14000US17031826600,5907,,17031826600,8266,14000US17031826600
22244,14000US17031826700,5310,,17031826700,8267,14000US17031826700
22245,14000US17031826800,4819,,17031826800,8268,14000US17031826800
22246,14000US17031826901,1789,,17031826901,8269.01,14000US17031826901
22247,14000US17031826902,994,,17031826902,8269.02,14000US17031826902
22248,14000US17031827000,3738,,17031827000,8270,14000US17031827000
22249,14000US17031827100,2745,,17031827100,8271,14000US17031827100
22250,14000US17031827200,4013,,17031827200,8272,14000US17031827200
22251,14000US17031827300,3416,,17031827300,8273,14000US17031827300
22252,14000US17031827400,4280,,17031827400,8274,14000US17031827400
22253,14000US17031827500,5609,,17031827500,8275,14000US17031827500
22254,14000US17031827600,3536,,17031827600,8276,14000US17031827600
22255,14000US17031827700,2905,,17031827700,8277,14000US17031827700
22256,14000US17031827801,5118,,17031827801,8278.01,14000US17031827801
22257,14000US17031827802,3661,,17031827802,8278.02,14000US17031827802
22258,14000US17031827804,3069,,17031827804,8278.04,14000US17031827804
22259,14000US17031827805,2869,,17031827805,8278.05,14000US17031827805
22260,14000US17031827901,2424,,17031827901,8279.01,14000US17031827901
22261,14000US17031827902,4504,,17031827902,8279.02,14000US17031827902
22262,14000US17031828000,4904,,17031828000,8280,14000US17031828000
22263,14000US17031828100,4875,,17031828100,8281,14000US17031828100
22264,14000US17031828201,4651,,17031828201,8282.01,14000US17031828201
22265,14000US17031828202,4278,,17031828202,8282.02,14000US17031828202
22266,14000US17031828300,3729,,17031828300,8283,14000US17031828300
22267,14000US17031828401,3768,,17031828401,8284.01,14000US17031828401
22268,14000US17031828402,4025,,17031828402,8284.02,14000US17031828402
22269,14000US17031828503,4469,,17031828503,8285.03,14000US17031828503
22270,14000US17031828504,5895,,17031828504,8285.04,14000US17031828504
22271,14000US17031828505,6419,,17031828505,8285.05,14000US17031828505
22272,14000US17031828506,9434,,17031828506,8285.06,14000US17031828506
22273,14000US17031828601,4132,,17031828601,8286.01,14000US17031828601
22274,14000US17031828602,4584,,17031828602,8286.02,14000US17031828602
22275,14000US17031828701,3613,,17031828701,8287.01,14000US17031828701
22276,14000US17031828702,5080,,17031828702,8287.02,14000US17031828702
22277,14000US17031828801,4823,,17031828801,8288.01,14000US17031828801
22278,14000US17031828802,3105,,17031828802,8288.02,14000US17031828802
22279,14000US17031828900,3941,,17031828900,8289,14000US17031828900
22280,14000US17031829000,1761,,17031829000,8290,14000US17031829000
22281,14000US17031829100,3960,,17031829100,8291,14000US17031829100
22282,14000US17031829200,6011,,17031829200,8292,14000US17031829200
22283,14000US17031829301,3856,,17031829301,8293.01,14000US17031829301
22284,14000US17031829302,3807,,17031829302,8293.02,14000US17031829302
22285,14000US17031829401,1528,,17031829401,8294.01,14000US17031829401
22286,14000US17031829402,3360,,17031829402,8294.02,14000US17031829402
22287,14000US17031829500,4102,,17031829500,8295,14000US17031829500
22288,14000US17031829600,2928,,17031829600,8296,14000US17031829600
22289,14000US17031829700,4148,,17031829700,8297,14000US17031829700
22290,14000US17031829800,6673,,17031829800,8298,14000US17031829800
22291,14000US17031829901,9054,,17031829901,8299.01,14000US17031829901
22292,14000US17031829902,6548,,17031829902,8299.02,14000US17031829902
22293,14000US17031830001,1789,,17031830001,8300.01,14000US17031830001
22294,14000US17031830003,8563,,17031830003,8300.03,14000US17031830003
22295,14000US17031830004,6377,,17031830004,8300.04,14000US17031830004
22296,14000US17031830005,3989,,17031830005,8300.05,14000US17031830005
22297,14000US17031830006,2736,,17031830006,8300.06,14000US17031830006
22298,14000US17031830007,4192,,17031830007,8300.07,14000US17031830007
22299,14000US17031830008,4722,,17031830008,8300.08,14000US17031830008
22300,14000US17031830100,3466,,17031830100,8301,14000US17031830100
22301,14000US17031830201,5584,,17031830201,8302.01,14000US17031830201
22302,14000US17031830202,3626,,17031830202,8302.02,14000US17031830202
22303,14000US17031830300,4269,,17031830300,8303,14000US17031830300
22304,14000US17031830400,4594,,17031830400,8304,14000US17031830400
22305,14000US17031830500,4424,,17031830500,8305,14000US17031830500
22306,14000US17031830600,5132,,17031830600,8306,14000US17031830600
22307,14000US17031830700,3204,,17031830700,8307,14000US17031830700
22308,14000US17031830800,2348,,17031830800,8308,14000US17031830800
22309,14000US17031830900,2785,,17031830900,8309,14000US17031830900
22310,14000US17031831000,2361,,17031831000,8310,14000US17031831000
22311,14000US17031831100,7499,,17031831100,8311,14000US17031831100
22312,14000US17031831200,4759,,17031831200,8312,14000US17031831200
22313,14000US17031831300,1284,,17031831300,8313,14000US17031831300
22314,14000US17031831400,2732,,17031831400,8314,14000US17031831400
22315,14000US17031831500,3721,,17031831500,8315,14000US17031831500
22316,14000US17031831600,6739,,17031831600,8316,14000US17031831600
22317,14000US17031831700,2575,,17031831700,8317,14000US17031831700
22318,14000US17031831800,6174,,17031831800,8318,14000US17031831800
22319,14000US17031831900,2987,,17031831900,8319,14000US17031831900
22320,14000US17031832000,2185,,17031832000,8320,14000US17031832000
22321,14000US17031832100,3339,,17031832100,8321,14000US17031832100
22322,14000US17031832200,3102,,17031832200,8322,14000US17031832200
22323,14000US17031832300,2247,,17031832300,8323,14000US17031832300
22324,14000US17031832400,3650,,17031832400,8324,14000US17031832400
22325,14000US17031832500,3534,,17031832500,8325,14000US17031832500
22326,14000US17031832600,4290,,17031832600,8326,14000US17031832600
22327,14000US17031832900,2611,,17031832900,8329,14000US17031832900
22328,14000US17031833000,2603,,17031833000,8330,14000US17031833000
22329,14000US17031833100,7086,,17031833100,8331,14000US17031833100
22330,14000US17031833300,2336,,17031833300,8333,14000US17031833300
22331,14000US17031833900,2192,,17031833900,8339,14000US17031833900
22332,14000US17031834000,3758,,17031834000,8340,14000US17031834000
22333,14000US17031834200,4537,,17031834200,8342,14000US17031834200
22334,14000US17031834300,5940,,17031834300,8343,14000US17031834300
22335,14000US17031834400,3629,,17031834400,8344,14000US17031834400
22336,14000US17031834500,1634,,17031834500,8345,14000US17031834500
22337,14000US17031834600,3110,,17031834600,8346,14000US17031834600
22338,14000US17031834700,1980,,17031834700,8347,14000US17031834700
22339,14000US17031834800,1971,,17031834800,8348,14000US17031834800
22340,14000US17031834900,2549,,17031834900,8349,14000US17031834900
22341,14000US17031835000,5829,,17031835000,8350,14000US17031835000
22342,14000US17031835100,5395,,17031835100,8351,14000US17031835100
22343,14000US17031835200,1625,,17031835200,8352,14000US17031835200
22344,14000US17031835500,1851,,17031835500,8355,14000US17031835500
22345,14000US17031835600,1073,,17031835600,8356,14000US17031835600
22346,14000US17031835700,0,,17031835700,8357,14000US17031835700
22347,14000US17031835800,1386,,17031835800,8358,14000US17031835800
22348,14000US17031835900,3553,,17031835900,8359,14000US17031835900
22349,14000US17031836000,2738,,17031836000,8360,14000US17031836000
22350,14000US17031836100,1621,,17031836100,8361,14000US17031836100
22351,14000US17031836200,1378,,17031836200,8362,14000US17031836200
22352,14000US17031836300,1269,,17031836300,8363,14000US17031836300
22353,14000US17031836400,3318,,17031836400,8364,14000US17031836400
22354,14000US17031836500,1612,,17031836500,8365,14000US17031836500
22355,14000US17031836600,2825,,17031836600,8366,14000US17031836600
22356,14000US17031836700,2652,,17031836700,8367,14000US17031836700
22357,14000US17031836800,3284,,17031836800,8368,14000US17031836800
22358,14000US17031836900,1614,,17031836900,8369,14000US17031836900
22359,14000US17031837000,2438,,17031837000,8370,14000US17031837000
22360,14000US17031837100,1991,,17031837100,8371,14000US17031837100
22361,14000US17031837300,2119,,17031837300,8373,14000US17031837300
22362,14000US17031837400,2007,,17031837400,8374,14000US17031837400
22363,14000US17031837800,2964,,17031837800,8378,14000US17031837800
22364,14000US17031838000,2758,,17031838000,8380,14000US17031838000
22365,14000US17031838100,1851,,17031838100,8381,14000US17031838100
22366,14000US17031838200,1695,,17031838200,8382,14000US17031838200
22367,14000US17031838300,1337,,17031838300,8383,14000US17031838300
22368,14000US17031838600,1880,,17031838600,8386,14000US17031838600
22369,14000US17031838700,4135,,17031838700,8387,14000US17031838700
22370,14000US17031838800,3350,,17031838800,8388,14000US17031838800
22371,14000US17031839000,7405,,17031839000,8390,14000US17031839000
22372,14000US17031839100,4139,,17031839100,8391,14000US17031839100
22373,14000US17031839200,2241,,17031839200,8392,14000US17031839200
22374,14000US17031839500,1658,,17031839500,8395,14000US17031839500
22375,14000US17031839600,1817,,17031839600,8396,14000US17031839600
22376,14000US17031839700,5294,,17031839700,8397,14000US17031839700
22377,14000US17031839800,3028,,17031839800,8398,14000US17031839800
22378,14000US17031839900,3862,,17031839900,8399,14000US17031839900
22379,14000US17031840000,2713,,17031840000,8400,14000US17031840000
22380,14000US17031840100,2624,,17031840100,8401,14000US17031840100
22381,14000US17031840200,2517,,17031840200,8402,14000US17031840200
22382,14000US17031840300,4034,,17031840300,8403,14000US17031840300
22383,14000US17031840400,3166,,17031840400,8404,14000US17031840400
22384,14000US17031840700,3954,,17031840700,8407,14000US17031840700
22385,14000US17031840800,3582,,17031840800,8408,14000US17031840800
22386,14000US17031841000,633,,17031841000,8410,14000US17031841000
22387,14000US17031841100,7011,,17031841100,8411,14000US17031841100
22388,14000US17031841200,5792,,17031841200,8412,14000US17031841200
22389,14000US17031841300,4354,,17031841300,8413,14000US17031841300
22390,14000US17031841400,1514,,17031841400,8414,14000US17031841400
22391,14000US17031841500,2459,,17031841500,8415,14000US17031841500
22392,14000US17031841600,916,,17031841600,8416,14000US17031841600
22393,14000US17031841700,1349,,17031841700,8417,14000US17031841700
22394,14000US17031841800,2379,,17031841800,8418,14000US17031841800
22395,14000US17031841900,4830,,17031841900,8419,14000US17031841900
22396,14000US17031842000,3386,,17031842000,8420,14000US17031842000
22397,14000US17031842100,6530,,17031842100,8421,14000US17031842100
22398,14000US17031842200,2654,,17031842200,8422,14000US17031842200
22399,14000US17031842300,3305,,17031842300,8423,14000US17031842300
22400,14000US17031842400,3669,,17031842400,8424,14000US17031842400
22401,14000US17031842500,2454,,17031842500,8425,14000US17031842500
22402,14000US17031842600,4408,,17031842600,8426,14000US17031842600
22403,14000US17031842800,7688,,17031842800,8428,14000US17031842800
22404,14000US17031842900,2341,,17031842900,8429,14000US17031842900
22405,14000US17031843000,2862,,17031843000,8430,14000US17031843000
22406,14000US17031843100,2485,,17031843100,8431,14000US17031843100
22407,14000US17031843200,3061,,17031843200,8432,14000US17031843200
22408,14000US17031843300,1458,,17031843300,8433,14000US17031843300
22409,14000US17031843400,1760,,17031843400,8434,14000US17031843400
22410,14000US17031843500,8983,,17031843500,8435,14000US17031843500
22411,14000US17031843600,2591,,17031843600,8436,14000US17031843600
22412,14000US17031843700,2181,,17031843700,8437,14000US17031843700
22413,14000US17031843800,1958,,17031843800,8438,14000US17031843800
22414,14000US17031843900,3640,,17031843900,8439,14000US17031843900
22415,14000US17031980000,0,,17031980000,9800,14000US17031980000
22416,14000US17031980100,0,,17031980100,9801,14000US17031980100